CP_5s,CP_60s,CP_300s,CP_3600s
12.90092410775197,8.43359689425901,5.538900985872797,4.57570955550414
